Classifiers,Scores
lda,0.9444444444444444
gnb,0.9444444444444444
lin_svm,0.9444444444444444
knn,0.9444444444444444
tree,0.9444444444444444
