Filter,Value,Description,
sos_bandstop_,"[[1, 0.622946104851632931342919619055464863777, 1, 1,0.409261284246611789505720935267163440585,0.944930685706123152378665963624371215701],[1, 0.622946104851632931342919619055464863777, 1, 1,0.790937366004399455832185594772454351187,0.948426893239073809382944091339595615864],[1, 0.622946104851632931342919619055464863777, 1, 1,0.711063241242363974770057666319189593196,0.863346362516600351888484965456882491708],[1, 0.622946104851632931342919619055464863777, 1, 1,0.441523156151951257086807345331180840731,0.856895681601938186133793351473286747932],[1, 0.622946104851632931342919619055464863777, 1, 1,0.612695780882883012097295249986927956343,0.814392565084377184625452628097264096141],[1, 0.622946104851632931342919619055464863777, 1, 1,0.515815447012487493516630365775199607015,0.811296756704375288116182218800531700253],]",,55 hz “bandstop” and 65 hz bandpass IIR 6th order
