Filter,Value,Description,
sos_high_pass_,"[[1, -2, 1, 1, -1.740367670683557577149258577264845371246, 0.93092862335376458382540931779658421874],[1, -2, 1, 1, -1.629360431136253506423372527933679521084,0.80776668472892854122591188570368103683], [1, -2, 1, 1, -1.535449319165865356140443509502802044153,0.703572808222718393267314240802079439163], [1, -2, 1, 1, -1.457344522530261921033911676204297691584, 0.616915954050245685102993320469977334142],[1, -2, 1, 1, -1.393730553043875275420759862754493951797,0.546336595104689237700767989736050367355], [1, -2, 1, 1, -1.343402365227919670331857560086064040661, 0.490497739871769145025837133289314806461],[1, -2, 1, 1, -1.305336827562876278463477319746743887663,0.448264229402160208071137503793579526246],[1, -2, 1, 1, -1.278726258361997381030050746630877256393,0.418739945183796424821309756225673481822],[1, -2, 1, 1, -1.262991469218308848709853009495418518782,0.401282280776567523705722351223812438548], [1, -1, 0, 1, -0.628892547371665888711333991523133590817, 0.0]]",,10hz 'bandstop' and 15hz bandpass with 60db of attenuation IIR 6th order
